序号,场馆ID,地区,场馆名称,地址,纬度,经度,距上海中心(m)
1,164,黄浦区,上海当代艺术馆,黄浦区南京西路231号,31.231409,121.472818,140
2,33,黄浦区,上海城市规划展示馆,人民大道100号,31.231261,121.475502,196
3,18,黄浦区,上海博物馆,人民大道201号,31.228514,121.475305,259
4,20,黄浦区,上海市历史博物馆(上海革命历史博物馆),南京西路325号,31.23097,121.47093,271
5,170,黄浦区,上海民生现代美术馆,黄浦区威海路48号5-6F,31.228409,121.470285,393
6,34,黄浦区,上海体育博物馆,南京西路150号,31.233725,121.471968,405
7,165,黄浦区,春美术馆,黄浦区福州路655号2楼,31.23211,121.478663,509
8,167,黄浦区,上海新视艺正和美术馆,黄浦区淮海中路300号B3,31.223454,121.473824,772
9,46,静安区,上海棋牌文化博物馆,南京西路595号上海棋院1楼,31.230514,121.465559,774
10,26,黄浦区,上海周虎臣曹素功笔墨博物馆,福州路429号2楼,31.233618,121.482411,902
11,49,静安区,中共二大会址纪念馆,老成都北路7弄30号,31.224223,121.466654,959
12,37,静安区,上海四行仓库抗战纪念馆,光复路21号,31.2403,121.47126,1125
13,19,黄浦区,中国共产党第一次全国代表大会纪念馆,黄陂南路374号,31.220204,121.475185,1143
14,35,静安区,上海自然博物馆(上海科技馆分馆),北京西路510号,31.234992,121.46265,1168
15,44,静安区,中国劳动组合书记部旧址陈列馆,成都北路893弄1-11号,31.237747,121.463962,1235
16,23,黄浦区,中国社会主义青年团中央机关旧址纪念馆,淮海中路567弄1-6号,31.220252,121.468087,1248
17,48,静安区,中共中央军委机关旧址纪念馆,新闸路613弄12号,31.237014,121.462683,1280
18,39,静安区,上海毛泽东旧居陈列馆,茂名北路120弄,31.226358,121.460539,1330
19,41,静安区,中共三大后中央局机关历史纪念馆,浙江北路118号,31.243677,121.476302,1497
20,31,黄浦区,上海市银行博物馆,复兴中路301号,31.216429,121.476336,1574
21,28,黄浦区,上海电信博物馆,延安东路34号,31.233347,121.490785,1657
22,30,黄浦区,童涵春堂中药博物馆,豫园新路20号3楼(豫园商城内),31.22715,121.49102,1686
23,25,黄浦区,上海孙中山故居纪念馆,香山路7号,31.216129,121.467691,1687
24,43,静安区,元利当铺旧址博物馆,武定路203号,31.235189,121.456106,1756
25,168,黄浦区,上海外滩美术馆,黄浦区虎丘路20号,31.241213,121.487618,1788
26,169,黄浦区,胡问遂艺术馆,黄浦区福佑路199号,31.228416,121.492767,1826
27,22,黄浦区,中共代表团驻沪办事处纪念馆(周公馆),思南路73号,31.214199,121.468485,1868
28,86,虹口区,上海邮政博物馆,天潼路395号,31.24439,121.484795,1880
29,36,静安区,上海印刷字体展示馆,新闸路1209弄60号,31.232252,121.452971,1982
30,29,黄浦区,上海市外滩历史纪念馆,中山东一路475号,31.242303,121.49147,2146
31,45,静安区,上海铁路博物馆,天目东路200号,31.25003,121.476225,2196
32,87,虹口区,中国证券博物馆,黄浦路15号,31.244251,121.490944,2249
33,166,黄浦区,上海复星艺术中心,黄浦区中山东二路600号,31.226889,121.49794,2338
34,176,徐汇区,上海明圆美术馆,徐汇区复兴中路1199号A座B1,31.212636,121.458839,2429
35,50,静安区,中共中央秘书处机关旧址纪念馆,江宁路673弄10号,31.237545,121.449234,2458
36,6,浦东新区,上海震旦博物馆,富城路99号,31.234705,121.499411,2491
37,27,黄浦区,上海琉璃艺术博物馆,泰康路25号,31.207803,121.47033,2533
38,47,静安区,上海寰宇铃铛博物馆,西康路538号1幢2楼,31.234438,121.447237,2556
39,40,静安区,中共上海地下组织斗争史陈列馆暨刘长胜故居,愚园路81号,31.22473,121.446688,2645
40,42,静安区,上海蔡元培故居陈列馆,华山路303弄16号,31.218921,121.447813,2773
41,79,普陀区,沪西工人半日学校史料陈列馆,西苏州路1037号,31.243698,121.448483,2817
42,51,静安区,中共中央特科机关旧址纪念馆,武定路930弄14号,31.230807,121.443569,2865
43,58,徐汇区,上海工艺美术博物馆,汾阳路79号,31.210124,121.454466,2903
44,122,嘉定区,顾维钧生平陈列馆,南大街349号,31.20799,121.458028,2904
45,88,虹口区,中共四大纪念馆,四川北路1468号,31.254997,121.484919,2936
46,5,浦东新区,上海观复博物馆,银城中路501号上海中心大厦37层,31.233609,121.505636,3057
47,83,普陀区,上海纺织博物馆,澳门路128号,31.246907,121.446125,3200
48,15,浦东新区,上海吴昌硕纪念馆,陆家嘴东路15号,31.236815,121.506924,3238
49,154,浦东新区,上海吴昌硕纪念馆,浦东新区陆家嘴东路15号,31.236815,121.506924,3238
50,38,静安区,上海眼镜博物馆,宝昌路533号,31.26007,121.472734,3300
51,174,徐汇区,上海市徐汇区艺术馆,徐汇区淮海中路1413号,31.210243,121.448171,3304
52,173,静安区,上海静安大风堂美术馆,静安区恒丰北路100号26楼,31.255139,121.45149,3468
53,24,黄浦区,上海三山会馆管理处,中山南路1551号,31.205322,121.495674,3485
54,78,普陀区,顾正红纪念馆,澳门路300号,31.247101,121.442506,3499
55,150,市级馆,上海中国画院美术馆,徐汇区岳阳路197号,31.204416,121.452897,3502
56,64,徐汇区,衡复风貌博物馆群-张乐平故居,五原路288弄3号,31.212566,121.443331,3503
57,57,徐汇区,上海公安博物馆,瑞金南路518号,31.198407,121.468301,3594
58,186,虹口区,上海多伦现代美术馆,虹口区多伦路27号,31.261884,121.483071,3612
59,162,浦东新区,上海浦东新区叁柒贰叁美术馆,浦东新区银城路66号2层206、207a、207b、208单元,31.241381,121.510122,3672
60,65,徐汇区,衡复风貌博物馆群-柯灵故居,复兴西路147号,31.210521,121.442349,3711
61,89,虹口区,左联会址纪念馆,多伦路201弄2号,31.26359,121.481039,3756
62,66,徐汇区,衡复风貌博物馆群-夏衍旧居,乌鲁木齐南路178号2号楼,31.203256,121.44903,3823
63,67,徐汇区,衡复风貌博物馆群-草婴书房,乌鲁木齐南路178号3号楼,31.203105,121.449007,3837
64,159,浦东新区,上海艺仓美术馆,浦东新区滨江大道4777号,31.216632,121.512387,3985
65,152,市级馆,上海当代艺术博物馆,黄浦区苗江路678号,31.201176,121.498525,4017
66,21,黄浦区,上海世博会博物馆,蒙自路818号,31.194437,121.482161,4079
67,32,黄浦区,国际乒联博物馆(中国乒乓球博物馆),局门路796号,31.193327,121.481285,4185
68,90,虹口区,李白烈士故居,黄渡路107弄15号,31.268026,121.481402,4247
69,91,虹口区,上海犹太难民纪念馆,长阳路62号,31.254228,121.509128,4285
70,56,徐汇区,上海宋庆龄故居纪念馆,淮海中路1843号,31.203886,121.439097,4418
71,59,徐汇区,中国科学院上海昆虫博物馆,枫林路300号,31.19353,121.455236,4460
72,85,虹口区,上海鲁迅纪念馆,甜爱路200号,31.269737,121.483766,4478
73,69,徐汇区,《义勇军进行曲》灌制地纪念馆（百代小楼）,衡山路811号,31.197822,121.441873,4721
74,61,徐汇区,钱学森图书馆,华山路1800号,31.20106,121.435507,4882
75,92,杨浦区,国歌展示馆,荆州路151号,31.257944,121.5145,4942
76,70,长宁区,上海市长宁区革命文物陈列馆,愚园路1376弄34号,31.219762,121.423124,4952
77,185,虹口区,朱屺瞻艺术馆,虹口区欧阳路580号,31.274441,121.486119,5037
78,183,长宁区,上海正好美术馆,长宁区愚园路300弄7号B幢107室,31.204431,121.428495,5179
79,81,普陀区,上海元代水闸遗址博物馆,延长西路619号,31.259613,121.430361,5247
80,72,长宁区,上海凝聚力工程博物馆,长宁路878号,31.220267,121.419444,5281
81,93,杨浦区,中国烟草博物馆,长阳路728号,31.261441,121.518493,5481
82,148,市级馆,中华艺术宫（上海美术馆）,浦东新区上南路205号,31.18438,121.494724,5494
83,149,市级馆,刘海粟美术馆,长宁区延安西路1609号,31.209508,121.419496,5654
84,68,徐汇区,上海气象博物馆,蒲西路166号,31.189716,121.43724,5700
85,156,浦东新区,上海王狮美术馆,浦东新区潍坊路328号,31.22844,121.535401,5871
86,53,徐汇区,徐光启纪念馆,南丹路17号,31.189122,121.434258,5928
87,62,徐汇区,上海电影博物馆,漕溪北路595号,31.186331,121.438082,5957
88,74,长宁区,上海艺术品博物馆,延安西路1731号天山公园内,31.210891,121.41461,6023
89,73,长宁区,上海消防博物馆,中山西路229号,31.218267,121.411304,6085
90,54,徐汇区,上海土山湾博物馆,蒲汇塘路55号,31.18662,121.435154,6094
91,71,长宁区,上海(东华大学）纺织服饰博物馆,延安西路1882号,31.20455,121.414854,6291
92,1,浦东新区,上海博物馆东馆,浦东新区世纪大道1952号,31.219913,121.538745,6294
93,84,普陀区,华东师范大学博物馆,中山北路3663号博创楼二楼,31.231267,121.406779,6364
94,96,杨浦区,同济大学博物馆,四平路1239号,31.281788,121.503932,6396
95,55,徐汇区,上海市龙华烈士纪念馆,龙华西路180号,31.17581,121.449517,6491
96,171,静安区,明当代美术馆,静安区永和东路436号,31.290624,121.458328,6854
97,182,长宁区,上海长宁华萃当代美术馆,长宁区长宁路1978号,31.218827,121.401307,7003
98,100,杨浦区,上海世界技能博物馆,杨树浦路1578号,31.255868,121.541581,7047
99,175,徐汇区,西岸美术馆,徐汇区龙腾大道2600号,31.167591,121.463854,7047
100,211,松江区,洙桥美术馆,松江区洙桥村696号,31.167591,121.463854,7047
101,77,长宁区,宋庆龄生平事迹陈列馆,宋园路21号,31.195083,121.411363,7111
102,172,静安区,心象艺术馆,静安区汶水路40号宏慧视界BOX一号库2号楼,31.293383,121.457616,7168
103,75,长宁区,上海广播博物馆,虹桥路1376号,31.196645,121.407491,7330
104,177,徐汇区,上海油罐艺术中心,徐汇区龙腾大道2380号,31.164515,121.464302,7380
105,153,市级馆,上海中国画院程十发美术馆,长宁区虹桥路1398号,31.197656,121.405309,7454
106,76,长宁区,上海对外经贸大学博物馆,古北路620号,31.207428,121.398581,7586
107,95,杨浦区,复旦大学博物馆,邯郸路220号邯郸校区100号、200号楼,31.296702,121.499458,7768
108,151,市级馆,上海油画雕塑院美术馆,长宁区金珠路111号,31.198717,121.400178,7829
109,105,宝山区,上海市陶行知纪念馆,武威东路76号,31.276573,121.409535,7973
110,187,杨浦区,鸿美术馆,杨浦区黄兴路1818号11楼,31.292076,121.520063,8152
111,180,长宁区,上海苏俄造型艺术馆,长宁区天山路356号,31.214981,121.388503,8281
112,82,普陀区,上海泰迪之家泰迪熊博物馆,泸定路46弄3号楼,31.221486,121.387227,8282
113,178,徐汇区,上海徐汇区九点水美术馆,徐汇区桂林路406号,31.172683,121.414764,8521
114,99,杨浦区,中国近现代新闻出版博物馆,周家嘴路3678号,31.278462,121.543638,8530
115,179,长宁区,上海虹桥当代艺术馆,长宁区仙霞路650号,31.205929,121.38776,8613
116,97,杨浦区,上海院士风采馆,国顺东路369号,31.294429,121.527944,8791
117,184,普陀区,刘海粟美术馆分馆,普陀区铜川路1869号,31.252933,121.384909,8805
118,98,杨浦区,上海财经大学商学博物馆,国定路777号,31.305892,121.501987,8814
119,101,杨浦区,上海理工大学印刷博物馆,水丰路100号,31.283149,121.543783,8876
120,80,普陀区,苏州河工业文明展示馆,光复西路2690号,31.22063,121.379383,9034
121,60,徐汇区,上海师范大学博物馆,桂林路81号,31.160843,121.421603,9186
122,115,闵行区,上海翰林匾额博物馆,虹许路731号8号楼1楼,31.190805,121.388536,9219
123,63,徐汇区,上海无线电博物馆,田林路200号A5一楼,31.169957,121.406976,9244
124,181,长宁区,上海海派书画艺术馆,长宁区北渔路95号,31.216522,121.372359,9759
125,163,浦东新区,上海浦东新区越婷惠美术馆,浦东新区陈春路109号,31.173189,121.554559,9981
126,94,杨浦区,上海体育大学武术博物馆,长海路399号上海体育大学内,31.31218,121.525432,10338
127,108,宝山区,上海尊木汇木文化博物馆,沪太路2751号,31.311834,121.411548,10811
128,155,浦东新区,金桥碧云美术馆,浦东新区红枫路135号,31.244765,121.588974,11075
129,116,闵行区,上海观止矿晶博物馆,先锋街66号1-2层,31.177444,121.373302,11218
130,17,浦东新区,上海老相机摄影博物馆,五星路676弄39号,31.174545,121.572646,11275
131,111,宝山区,南京路上好八连事迹展览馆,上大路55号,31.314276,121.404574,11408
132,125,嘉定区,上海四海壶具博物馆,曹安路1978号百佛园,31.256073,121.356855,11469
133,126,嘉定区,上海海纳吴觉农茶文化博物馆,曹安路1978号1号楼,31.256176,121.356866,11471
134,109,宝山区,上海大学博物馆（海派文化博物馆）,南陈路333号（钱伟长图书馆内）,31.31429,121.39953,11692
135,188,宝山区,上海美术学院美术馆,宝山区上大路99号,31.311965,121.395847,11705
136,52,徐汇区,黄道婆纪念馆,徐梅路700号,31.124249,121.449214,12031
137,112,宝山区,上海百诺巧克力博物馆,锦秋路117号,31.321816,121.402658,12203
138,118,闵行区,上海地铁博物馆,吴中路1799-7号,31.169578,121.366469,12238
139,106,宝山区,上海中国工业设计博物馆,逸仙路3000号3号楼2楼,31.34031,121.49676,12416
140,11,浦东新区,上海（中医药大学）中医药博物馆,浦东新区蔡伦路1200号,31.192803,121.599304,12655
141,103,宝山区,上海玻璃博物馆,长江西路685号,31.344324,121.471758,12669
142,107,宝山区,上海智慧湾增材制造文化博物馆,蕰川路6号智慧湾科创园区,31.344361,121.434666,13204
143,8,浦东新区,上海动漫博物馆,张江路69号,31.212639,121.611772,13277
144,113,闵行区,上海市闵行区博物馆,新镇路1538号,31.160641,121.359407,13355
145,190,闵行区,上海海派艺术馆,闵行区新镇路1536号,31.160577,121.358262,13448
146,192,闵行区,上海宝龙美术馆,闵行区漕宝路3055号,31.1583,121.358024,13614
147,114,闵行区,张充仁纪念馆,七宝镇蒲溪广场75号,31.152262,121.354003,14322
148,191,闵行区,蔡兵美术馆,闵行区伟业路881号,31.116796,121.400626,14419
149,160,浦东新区,上海昊美术馆,浦东新区祖冲之路2277弄1号,31.211856,121.626023,14631
150,200,嘉定区,上海嘉定区北虹桥美术馆,嘉定区江桥镇景域大道88号13幢,31.229617,121.317516,14851
151,198,嘉定区,秦古美术馆,嘉定区曹安公路2888号,31.265143,121.319939,15119
152,119,闵行区,上海民族乐器陈列馆,联明路400号,31.144644,121.34528,15497
153,193,闵行区,半岛美术馆,闵行区澄建路600号,31.092174,121.443206,15642
154,195,闵行区,上海金臣亦飞鸣美术馆,闵行区甬虹路88号,31.190027,121.315634,15688
155,194,闵行区,中闵虹桥美术馆,闵行区申长北路156号,31.2206,121.307875,15805
156,14,浦东新区,上海美特斯邦威服饰博物馆,环桥路208号,31.154861,121.619452,16210
157,12,浦东新区,高桥历史文化陈列馆,高桥镇义王路1号,31.345527,121.583887,16538
158,161,浦东新区,上海浦东新区联明美术馆,浦东新区民唐路202号2幢,31.257424,121.645545,16611
159,9,浦东新区,上海火炬众创孵化博物馆,秀浦路2388号1号楼,31.128447,121.605498,16904
160,201,嘉定区,上海嘉定十方画院,嘉定区南翔镇解放街260号檀园内,31.291559,121.308028,17153
161,157,浦东新区,周浦美术馆,浦东新区周邓路6851号,31.112361,121.597877,17659
162,158,浦东新区,上海浦东新区库伯美术馆,浦东新区周浦镇沈梅路123弄57号,31.088965,121.575534,18472
163,110,宝山区,上海解放纪念馆,宝杨路599号,31.400761,121.49068,19012
164,212,青浦区,上海余德耀美术馆,青浦区蟠鼎路123弄8号,31.189278,121.277657,19197
165,215,青浦区,上海青浦区金夜美术馆,青浦区徐泾镇汇龙路168号,31.195418,121.272686,19508
166,102,宝山区,上海淞沪抗战纪念馆,友谊路1号,31.409766,121.495595,20053
167,104,宝山区,上海陈化成纪念馆,友谊路1号,31.409766,121.495595,20053
168,199,嘉定区,泰艺术中心,嘉定区曹安公路4058号D馆2楼,31.275939,121.266298,20355
169,136,松江区,上海来伊份零食博物馆,九新公路855号,31.099808,121.319916,20615
170,2,浦东新区,黄炎培故居,川沙新镇新川路218号,31.195094,121.70507,22351
171,206,松江区,上海松江区贤禾美术馆,松江区泗泾镇鼓浪路150号,31.112325,121.279844,22640
172,117,徐汇区,上海交通大学校史博物馆,东川路800号,31.017747,121.430947,23994
173,189,宝山区,上海湫光美术馆,宝山区罗新东路800号5幢1、2楼,31.43002,121.367204,24393
174,197,嘉定区,韩天衡美术馆,嘉定区博乐路70号,31.378658,121.256269,26429
175,210,松江区,上海松江清控人居美术馆,松江区新腾路9号1幢1层108室,31.052525,121.288813,26473
176,121,嘉定区,嘉定竹刻博物馆,南大街321号,31.383468,121.251556,27113
177,196,嘉定区,陆俨少艺术院,嘉定区东大街358号,31.385997,121.253452,27151
178,120,嘉定区,嘉定博物馆,博乐路215号,31.386647,121.252058,27299
179,207,松江区,上海艺术百代美术馆,松江区王家厍路885号,31.09032,121.232184,27762
180,13,浦东新区,新场历史文化陈列馆,新场大街367号,31.025291,121.646306,28109
181,140,青浦区,上海红十字历史文化陈列馆,赵重公路135号,31.154701,121.191699,28114
182,213,青浦区,上海青浦青渚美术馆,青浦区重固镇北青公路7203号,31.188569,121.177922,28511
183,123,嘉定区,上海汽车博物馆,博园路7565号,31.278673,121.170195,29345
184,3,浦东新区,张闻天故居,祝桥镇川南奉公路4398号,31.131809,121.762746,29602
185,133,松江区,上海中国留学生博物馆,茸梅路1177弄7号,31.049152,121.245032,29661
186,7,浦东新区,上海东方地质科普馆,祝桥镇江镇路100号,31.177595,121.783201,30016
187,124,嘉定区,上海大来时间博物馆,安亭镇和静路981号,31.300793,121.165232,30346
188,132,松江区,上海天文博物馆,佘山镇西佘山顶,31.094346,121.19333,30668
189,139,青浦区,上海崧泽遗址博物馆,沪青平公路3993号,31.146822,121.163948,30896
190,135,松江区,上海外国语大学语言博物馆,文翔路1550号,31.044506,121.22305,31565
191,138,青浦区,上海中华印刷博物馆,汇金路889号,31.168244,121.14888,31658
192,127,嘉定区,上海翥云艺术博物馆,安亭镇新源路1375号4楼,31.309133,121.150444,31946
193,134,松江区,上海立信会计学院中国会计博物馆,文翔路2800号,31.048163,121.200571,32960
194,131,松江区,上海市松江区博物馆,中山东路233号,31.006486,121.246361,32989
195,142,奉贤区,奉贤区博物馆,金海街道湖畔路333号,30.933848,121.502181,33086
196,137,青浦区,青浦区博物馆,华青南路1000号,31.151977,121.134985,33378
197,143,奉贤区,上海真静传统木作博物馆,南桥镇南桥路839号,30.92646,121.453614,33851
198,205,松江区,程十发艺术馆,松江区中山中路458号,31.00723,121.22763,34125
199,4,浦东新区,浦东历史博物馆,惠南镇文师街18号,31.054746,121.767751,34127
200,208,松江区,YOUNG（清漾）美术馆,松江区三新北路900弄910号,31.033328,121.193707,34502
201,203,松江区,云间会堂美术馆,松江区人民南路6弄69号、人民南路26号,31.000263,121.23049,34510
202,204,松江区,松江美术馆,松江区三新北路900弄601号,31.033284,121.193588,34514
203,144,奉贤区,上海电线电缆博物馆,青村镇青伟路233号2-3楼,30.93474,121.602025,35074
204,141,青浦区,上海福寿园人文纪念馆,外青松公路7270弄600号,31.112005,121.130984,35164
205,209,松江区,上海松江云间少儿美术馆,松江区人民北路1503号二层,31.00532,121.210187,35435
206,147,崇明区,上海崇明向化灶文化博物馆,向化镇向中路91号,31.520061,121.722904,39964
207,16,浦东新区,上海海派红木艺术博物馆,万灵路99号,30.988468,121.812042,41967
208,217,崇明区,崇明美术馆,崇明区崇明大道7897号,31.619476,121.428106,43479
209,146,崇明区,崇明区博物馆,城桥镇鳌山路696号,31.618631,121.401826,43705
210,216,奉贤区,上海吴宜恩美术馆,奉贤区海湾旅游区海马路5818号,30.834701,121.499731,44070
211,214,青浦区,上海青浦区练塘可的美术馆,青浦区练塘镇金前村金田路428号,31.028689,121.04999,46147
212,145,奉贤区,上海知青博物馆,海乐路200号,30.81546,121.511827,46282
213,130,金山区,上海市沧海盐田盐文化博物馆,漕泾镇蒋庄路2067号,30.808435,121.358335,48191
214,129,金山区,上海南社纪念馆,张堰镇新建路130号,30.801761,121.285746,50917
215,128,金山区,金山区博物馆,金山大道1800号,30.744537,121.348774,55322
216,10,浦东新区,上海中国航海博物馆,申港大道197号,30.896022,121.919544,56443
217,202,金山区,金山区海鸥美术馆,金山区卫清西路55号2楼,30.73025,121.351224,56827
